"Step","lemon-valley-41 - accuracy","lemon-valley-41 - accuracy__MIN","lemon-valley-41 - accuracy__MAX","Best result sgd with sam - accuracy","Best result sgd with sam - accuracy__MIN","Best result sgd with sam - accuracy__MAX","polished-microwave-39 - accuracy","polished-microwave-39 - accuracy__MIN","polished-microwave-39 - accuracy__MAX","SGD with SAM lr-0.1 - accuracy","SGD with SAM lr-0.1 - accuracy__MIN","SGD with SAM lr-0.1 - accuracy__MAX","SGD with sam lr-0.05 - accuracy","SGD with sam lr-0.05 - accuracy__MIN","SGD with sam lr-0.05 - accuracy__MAX","SGD with SAM lr-0.01 - accuracy","SGD with SAM lr-0.01 - accuracy__MIN","SGD with SAM lr-0.01 - accuracy__MAX","Adagrad lr-0.001 - accuracy","Adagrad lr-0.001 - accuracy__MIN","Adagrad lr-0.001 - accuracy__MAX","Adagrad lr-0.005 - accuracy","Adagrad lr-0.005 - accuracy__MIN","Adagrad lr-0.005 - accuracy__MAX","Adagrad lr -0.01 - accuracy","Adagrad lr -0.01 - accuracy__MIN","Adagrad lr -0.01 - accuracy__MAX","RMSprop lr-0.005 - accuracy","RMSprop lr-0.005 - accuracy__MIN","RMSprop lr-0.005 - accuracy__MAX","RMSprop lr-0.05 - accuracy","RMSprop lr-0.05 - accuracy__MIN","RMSprop lr-0.05 - accuracy__MAX","RMSprop lr-0.01 - accuracy","RMSprop lr-0.01 - accuracy__MIN","RMSprop lr-0.01 - accuracy__MAX","Adam lr-0.0001 - accuracy","Adam lr-0.0001 - accuracy__MIN","Adam lr-0.0001 - accuracy__MAX","Adam lr-0.0005 overflow - accuracy","Adam lr-0.0005 overflow - accuracy__MIN","Adam lr-0.0005 overflow - accuracy__MAX","Adam lr-0.001 batch_size 64 - accuracy","Adam lr-0.001 batch_size 64 - accuracy__MIN","Adam lr-0.001 batch_size 64 - accuracy__MAX","SGD lr-0.001 batch_size 256 - accuracy","SGD lr-0.001 batch_size 256 - accuracy__MIN","SGD lr-0.001 batch_size 256 - accuracy__MAX","SGD-lr-0.05-batch_size 128 - accuracy","SGD-lr-0.05-batch_size 128 - accuracy__MIN","SGD-lr-0.05-batch_size 128 - accuracy__MAX","SGD-lr-0.01-batch_size-128 - accuracy","SGD-lr-0.01-batch_size-128 - accuracy__MIN","SGD-lr-0.01-batch_size-128 - accuracy__MAX"
"0","0.1274","0.1274","0.1274","0.1832","0.1832","0.1832","0.1636","0.1636","0.1636","0.1623","0.1623","0.1623","0.1708","0.1708","0.1708","0.1318","0.1318","0.1318","0.2694","0.2694","0.2694","0.2926","0.2926","0.2926","0.2766","0.2766","0.2766","0.2064","0.2064","0.2064","0.0999","0.0999","0.0999","0.1384","0.1384","0.1384","0.2707","0.2707","0.2707","0.2994","0.2994","0.2994","0.2969","0.2969","0.2969","0.103","0.103","0.103","","","","","",""
"1","0.1322","0.1322","0.1322","0.1929","0.1929","0.1929","0.2094","0.2094","0.2094","0.2342","0.2342","0.2342","0.2009","0.2009","0.2009","0.1446","0.1446","0.1446","0.2984","0.2984","0.2984","0.3358","0.3358","0.3358","0.325","0.325","0.325","0.2455","0.2455","0.2455","0.1","0.1","0.1","0.177","0.177","0.177","0.3167","0.3167","0.3167","0.3509","0.3509","0.3509","0.3406","0.3406","0.3406","0.1046","0.1046","0.1046","0.1272","0.1272","0.1272","0.1259","0.1259","0.1259"
"2","0.1278","0.1278","0.1278","0.1825","0.1825","0.1825","0.2583","0.2583","0.2583","0.2588","0.2588","0.2588","0.2463","0.2463","0.2463","0.1676","0.1676","0.1676","0.3134","0.3134","0.3134","0.3536","0.3536","0.3536","0.3515","0.3515","0.3515","0.2918","0.2918","0.2918","0.1","0.1","0.1","0.1652","0.1652","0.1652","0.3358","0.3358","0.3358","0.3599","0.3599","0.3599","0.3528","0.3528","0.3528","0.1075","0.1075","0.1075","0.1388","0.1388","0.1388","0.1825","0.1825","0.1825"
"3","0.1363","0.1363","0.1363","0.1727","0.1727","0.1727","0.2856","0.2856","0.2856","0.2859","0.2859","0.2859","0.2647","0.2647","0.2647","0.1772","0.1772","0.1772","0.3343","0.3343","0.3343","0.3678","0.3678","0.3678","0.3577","0.3577","0.3577","0.2796","0.2796","0.2796","0.1","0.1","0.1","0.1578","0.1578","0.1578","0.3539","0.3539","0.3539","0.3678","0.3678","0.3678","0.3674","0.3674","0.3674","0.1106","0.1106","0.1106","0.1773","0.1773","0.1773","0.1978","0.1978","0.1978"
"4","0.1633","0.1633","0.1633","0.1677","0.1677","0.1677","0.3037","0.3037","0.3037","0.313","0.313","0.313","0.2848","0.2848","0.2848","0.209","0.209","0.209","0.3409","0.3409","0.3409","0.3739","0.3739","0.3739","0.3718","0.3718","0.3718","0.3232","0.3232","0.3232","0.1","0.1","0.1","0.1962","0.1962","0.1962","0.373","0.373","0.373","0.3891","0.3891","0.3891","0.3759","0.3759","0.3759","0.1199","0.1199","0.1199","0.1931","0.1931","0.1931","0.202","0.202","0.202"
"5","0.1819","0.1819","0.1819","0.1761","0.1761","0.1761","0.3185","0.3185","0.3185","0.3195","0.3195","0.3195","0.2946","0.2946","0.2946","0.2302","0.2302","0.2302","0.3485","0.3485","0.3485","0.38","0.38","0.38","0.378","0.378","0.378","0.3001","0.3001","0.3001","0.1","0.1","0.1","0.2345","0.2345","0.2345","0.3834","0.3834","0.3834","0.3967","0.3967","0.3967","0.3799","0.3799","0.3799","0.1317","0.1317","0.1317","0.1919","0.1919","0.1919","0.204","0.204","0.204"
"6","0.1943","0.1943","0.1943","0.1926","0.1926","0.1926","0.3259","0.3259","0.3259","0.3387","0.3387","0.3387","0.314","0.314","0.314","0.2525","0.2525","0.2525","0.348","0.348","0.348","0.3932","0.3932","0.3932","0.4005","0.4005","0.4005","0.3427","0.3427","0.3427","0.0999","0.0999","0.0999","0.2429","0.2429","0.2429","0.3907","0.3907","0.3907","0.4","0.4","0.4","0.3885","0.3885","0.3885","0.1415","0.1415","0.1415","0.1983","0.1983","0.1983","0.2252","0.2252","0.2252"
"7","0.2007","0.2007","0.2007","0.2082","0.2082","0.2082","0.3478","0.3478","0.3478","0.3399","0.3399","0.3399","0.3149","0.3149","0.3149","0.2621","0.2621","0.2621","0.358","0.358","0.358","0.3931","0.3931","0.3931","0.3931","0.3931","0.3931","0.3264","0.3264","0.3264","0.0998","0.0998","0.0998","0.2305","0.2305","0.2305","0.3876","0.3876","0.3876","0.4103","0.4103","0.4103","0.3936","0.3936","0.3936","0.1532","0.1532","0.1532","0.1949","0.1949","0.1949","0.2374","0.2374","0.2374"
"8","0.196","0.196","0.196","0.2267","0.2267","0.2267","0.3471","0.3471","0.3471","0.366","0.366","0.366","0.3286","0.3286","0.3286","0.2792","0.2792","0.2792","0.3621","0.3621","0.3621","0.4055","0.4055","0.4055","0.4064","0.4064","0.4064","0.3448","0.3448","0.3448","0.1","0.1","0.1","0.2825","0.2825","0.2825","0.4054","0.4054","0.4054","0.4157","0.4157","0.4157","0.4061","0.4061","0.4061","0.1656","0.1656","0.1656","0.2057","0.2057","0.2057","0.2501","0.2501","0.2501"
"9","0.1984","0.1984","0.1984","0.243","0.243","0.243","0.3634","0.3634","0.3634","0.3715","0.3715","0.3715","0.3293","0.3293","0.3293","0.2862","0.2862","0.2862","0.3675","0.3675","0.3675","0.4097","0.4097","0.4097","0.4181","0.4181","0.4181","0.3018","0.3018","0.3018","0.1","0.1","0.1","0.2784","0.2784","0.2784","0.4011","0.4011","0.4011","0.4202","0.4202","0.4202","0.4093","0.4093","0.4093","0.1812","0.1812","0.1812","0.2105","0.2105","0.2105","0.262","0.262","0.262"
"10","0.1887","0.1887","0.1887","0.2496","0.2496","0.2496","0.3715","0.3715","0.3715","0.3763","0.3763","0.3763","0.3449","0.3449","0.3449","0.293","0.293","0.293","0.3656","0.3656","0.3656","0.4063","0.4063","0.4063","0.4206","0.4206","0.4206","0.3581","0.3581","0.3581","0.1","0.1","0.1","0.2847","0.2847","0.2847","0.417","0.417","0.417","0.427","0.427","0.427","0.4044","0.4044","0.4044","0.1886","0.1886","0.1886","0.2165","0.2165","0.2165","0.2684","0.2684","0.2684"
"11","0.1892","0.1892","0.1892","0.2624","0.2624","0.2624","0.3839","0.3839","0.3839","0.3756","0.3756","0.3756","0.3498","0.3498","0.3498","0.2982","0.2982","0.2982","0.3757","0.3757","0.3757","0.4164","0.4164","0.4164","0.4209","0.4209","0.4209","0.3546","0.3546","0.3546","0.1","0.1","0.1","0.2888","0.2888","0.2888","0.4248","0.4248","0.4248","0.438","0.438","0.438","0.4117","0.4117","0.4117","0.1917","0.1917","0.1917","0.2242","0.2242","0.2242","0.2833","0.2833","0.2833"
"12","0.1833","0.1833","0.1833","0.2662","0.2662","0.2662","0.3763","0.3763","0.3763","0.3932","0.3932","0.3932","0.3553","0.3553","0.3553","0.3077","0.3077","0.3077","0.3706","0.3706","0.3706","0.4239","0.4239","0.4239","0.4244","0.4244","0.4244","0.3586","0.3586","0.3586","0.1","0.1","0.1","0.2958","0.2958","0.2958","0.4198","0.4198","0.4198","0.4412","0.4412","0.4412","0.4206","0.4206","0.4206","0.1907","0.1907","0.1907","0.2353","0.2353","0.2353","0.285","0.285","0.285"
"13","0.1798","0.1798","0.1798","0.2707","0.2707","0.2707","0.3948","0.3948","0.3948","0.3964","0.3964","0.3964","0.3643","0.3643","0.3643","0.3144","0.3144","0.3144","0.3784","0.3784","0.3784","0.4241","0.4241","0.4241","0.429","0.429","0.429","0.3641","0.3641","0.3641","0.1","0.1","0.1","0.2998","0.2998","0.2998","0.4242","0.4242","0.4242","0.4322","0.4322","0.4322","0.4306","0.4306","0.4306","0.1891","0.1891","0.1891","0.2392","0.2392","0.2392","0.2913","0.2913","0.2913"
"14","0.1727","0.1727","0.1727","0.2839","0.2839","0.2839","0.3894","0.3894","0.3894","0.3896","0.3896","0.3896","0.3681","0.3681","0.3681","0.3159","0.3159","0.3159","0.3849","0.3849","0.3849","0.4308","0.4308","0.4308","0.4271","0.4271","0.4271","0.3639","0.3639","0.3639","0.1","0.1","0.1","0.2856","0.2856","0.2856","0.4249","0.4249","0.4249","0.4404","0.4404","0.4404","0.4253","0.4253","0.4253","0.1862","0.1862","0.1862","0.245","0.245","0.245","0.2931","0.2931","0.2931"
"15","0.1701","0.1701","0.1701","0.2872","0.2872","0.2872","0.3992","0.3992","0.3992","0.402","0.402","0.402","0.3685","0.3685","0.3685","0.3223","0.3223","0.3223","0.3873","0.3873","0.3873","0.4284","0.4284","0.4284","0.4307","0.4307","0.4307","0.3769","0.3769","0.3769","0.1","0.1","0.1","0.2249","0.2249","0.2249","0.422","0.422","0.422","0.4368","0.4368","0.4368","0.4341","0.4341","0.4341","0.1834","0.1834","0.1834","0.2509","0.2509","0.2509","0.3024","0.3024","0.3024"
"16","0.1709","0.1709","0.1709","0.2924","0.2924","0.2924","0.3974","0.3974","0.3974","0.39","0.39","0.39","0.3764","0.3764","0.3764","0.3229","0.3229","0.3229","0.3879","0.3879","0.3879","0.4389","0.4389","0.4389","0.4317","0.4317","0.4317","0.3761","0.3761","0.3761","0.1","0.1","0.1","0.2964","0.2964","0.2964","0.4337","0.4337","0.4337","0.4434","0.4434","0.4434","0.4284","0.4284","0.4284","0.1799","0.1799","0.1799","0.257","0.257","0.257","0.3046","0.3046","0.3046"
"17","0.1761","0.1761","0.1761","0.2983","0.2983","0.2983","0.4118","0.4118","0.4118","0.407","0.407","0.407","0.3784","0.3784","0.3784","0.3271","0.3271","0.3271","0.3911","0.3911","0.3911","0.4327","0.4327","0.4327","0.4386","0.4386","0.4386","0.3566","0.3566","0.3566","0.1","0.1","0.1","0.3019","0.3019","0.3019","0.434","0.434","0.434","0.4453","0.4453","0.4453","0.4205","0.4205","0.4205","0.1786","0.1786","0.1786","0.2603","0.2603","0.2603","0.315","0.315","0.315"
"18","0.1784","0.1784","0.1784","0.3019","0.3019","0.3019","0.4198","0.4198","0.4198","0.417","0.417","0.417","0.3811","0.3811","0.3811","0.3317","0.3317","0.3317","0.3925","0.3925","0.3925","0.4417","0.4417","0.4417","0.4417","0.4417","0.4417","0.3668","0.3668","0.3668","0.1","0.1","0.1","0.3137","0.3137","0.3137","0.4406","0.4406","0.4406","0.4407","0.4407","0.4407","0.4166","0.4166","0.4166","0.1785","0.1785","0.1785","0.2648","0.2648","0.2648","0.3154","0.3154","0.3154"
"19","0.185","0.185","0.185","0.3099","0.3099","0.3099","0.412","0.412","0.412","0.4195","0.4195","0.4195","0.3849","0.3849","0.3849","0.3396","0.3396","0.3396","0.3908","0.3908","0.3908","0.4383","0.4383","0.4383","0.4486","0.4486","0.4486","0.3652","0.3652","0.3652","0.1","0.1","0.1","0.317","0.317","0.317","0.4519","0.4519","0.4519","0.4461","0.4461","0.4461","0.424","0.424","0.424","0.177","0.177","0.177","0.2653","0.2653","0.2653","0.3215","0.3215","0.3215"
"20","0.1893","0.1893","0.1893","0.311","0.311","0.311","0.4179","0.4179","0.4179","0.4267","0.4267","0.4267","0.3905","0.3905","0.3905","0.3385","0.3385","0.3385","0.3948","0.3948","0.3948","0.4421","0.4421","0.4421","0.4438","0.4438","0.4438","0.3747","0.3747","0.3747","0.1","0.1","0.1","0.3029","0.3029","0.3029","0.4493","0.4493","0.4493","0.4409","0.4409","0.4409","0.436","0.436","0.436","0.1762","0.1762","0.1762","0.2684","0.2684","0.2684","0.329","0.329","0.329"
"21","0.1974","0.1974","0.1974","0.3143","0.3143","0.3143","0.4332","0.4332","0.4332","0.4229","0.4229","0.4229","0.3936","0.3936","0.3936","0.3469","0.3469","0.3469","0.3937","0.3937","0.3937","0.4394","0.4394","0.4394","0.4439","0.4439","0.4439","0.3882","0.3882","0.3882","0.1","0.1","0.1","0.3041","0.3041","0.3041","0.455","0.455","0.455","0.4399","0.4399","0.4399","0.4336","0.4336","0.4336","0.1758","0.1758","0.1758","0.2717","0.2717","0.2717","0.3338","0.3338","0.3338"
"22","0.2022","0.2022","0.2022","0.3207","0.3207","0.3207","0.4294","0.4294","0.4294","0.4254","0.4254","0.4254","0.3912","0.3912","0.3912","0.3498","0.3498","0.3498","0.3992","0.3992","0.3992","0.4459","0.4459","0.4459","0.4462","0.4462","0.4462","0.3769","0.3769","0.3769","0.1","0.1","0.1","0.3212","0.3212","0.3212","0.437","0.437","0.437","0.4483","0.4483","0.4483","0.4321","0.4321","0.4321","0.1754","0.1754","0.1754","0.2774","0.2774","0.2774","0.3435","0.3435","0.3435"
"23","0.2091","0.2091","0.2091","0.3242","0.3242","0.3242","0.4289","0.4289","0.4289","0.4421","0.4421","0.4421","0.4033","0.4033","0.4033","0.354","0.354","0.354","0.403","0.403","0.403","0.4327","0.4327","0.4327","0.4439","0.4439","0.4439","0.3716","0.3716","0.3716","0.1","0.1","0.1","0.3202","0.3202","0.3202","0.4515","0.4515","0.4515","0.4338","0.4338","0.4338","0.4352","0.4352","0.4352","0.1746","0.1746","0.1746","0.2786","0.2786","0.2786","0.3455","0.3455","0.3455"
"24","0.2096","0.2096","0.2096","0.3296","0.3296","0.3296","0.4285","0.4285","0.4285","0.442","0.442","0.442","0.4054","0.4054","0.4054","0.3581","0.3581","0.3581","0.4048","0.4048","0.4048","0.442","0.442","0.442","0.4471","0.4471","0.4471","0.3657","0.3657","0.3657","0.1","0.1","0.1","0.3244","0.3244","0.3244","0.4602","0.4602","0.4602","0.4532","0.4532","0.4532","0.4306","0.4306","0.4306","0.175","0.175","0.175","0.2783","0.2783","0.2783","0.3385","0.3385","0.3385"
"25","0.2153","0.2153","0.2153","0.3333","0.3333","0.3333","0.4368","0.4368","0.4368","0.4426","0.4426","0.4426","0.3999","0.3999","0.3999","0.3606","0.3606","0.3606","0.4017","0.4017","0.4017","0.4439","0.4439","0.4439","0.444","0.444","0.444","0.3733","0.3733","0.3733","0.1","0.1","0.1","0.3122","0.3122","0.3122","0.453","0.453","0.453","0.4398","0.4398","0.4398","0.4262","0.4262","0.4262","0.1752","0.1752","0.1752","0.2869","0.2869","0.2869","0.3487","0.3487","0.3487"
"26","0.2212","0.2212","0.2212","0.3349","0.3349","0.3349","0.439","0.439","0.439","0.4527","0.4527","0.4527","0.4047","0.4047","0.4047","0.3648","0.3648","0.3648","0.402","0.402","0.402","0.4404","0.4404","0.4404","0.4551","0.4551","0.4551","0.3697","0.3697","0.3697","0.1","0.1","0.1","0.315","0.315","0.315","0.4589","0.4589","0.4589","0.4419","0.4419","0.4419","0.4386","0.4386","0.4386","0.1753","0.1753","0.1753","0.2859","0.2859","0.2859","0.3637","0.3637","0.3637"
"27","0.2303","0.2303","0.2303","0.3363","0.3363","0.3363","0.4427","0.4427","0.4427","0.4549","0.4549","0.4549","0.4079","0.4079","0.4079","0.3675","0.3675","0.3675","0.406","0.406","0.406","0.4496","0.4496","0.4496","0.4527","0.4527","0.4527","0.3751","0.3751","0.3751","0.1","0.1","0.1","0.3233","0.3233","0.3233","0.4595","0.4595","0.4595","0.4389","0.4389","0.4389","0.4209","0.4209","0.4209","0.1756","0.1756","0.1756","0.2918","0.2918","0.2918","0.3633","0.3633","0.3633"
"28","0.2385","0.2385","0.2385","0.3431","0.3431","0.3431","0.4479","0.4479","0.4479","0.4441","0.4441","0.4441","0.4114","0.4114","0.4114","0.3707","0.3707","0.3707","0.409","0.409","0.409","0.4432","0.4432","0.4432","0.4486","0.4486","0.4486","0.3707","0.3707","0.3707","0.1","0.1","0.1","0.3003","0.3003","0.3003","0.4689","0.4689","0.4689","0.4433","0.4433","0.4433","0.4322","0.4322","0.4322","0.176","0.176","0.176","0.2948","0.2948","0.2948","0.367","0.367","0.367"
"29","0.2455","0.2455","0.2455","0.3463","0.3463","0.3463","0.4497","0.4497","0.4497","0.4498","0.4498","0.4498","0.417","0.417","0.417","0.3704","0.3704","0.3704","0.4105","0.4105","0.4105","0.4457","0.4457","0.4457","0.453","0.453","0.453","0.3755","0.3755","0.3755","0.0998","0.0998","0.0998","0.3122","0.3122","0.3122","0.4576","0.4576","0.4576","0.4396","0.4396","0.4396","0.4281","0.4281","0.4281","0.1765","0.1765","0.1765","0.2975","0.2975","0.2975","0.3699","0.3699","0.3699"
"30","0.248","0.248","0.248","0.3476","0.3476","0.3476","0.4501","0.4501","0.4501","0.4569","0.4569","0.4569","0.4146","0.4146","0.4146","0.3776","0.3776","0.3776","0.4112","0.4112","0.4112","0.4494","0.4494","0.4494","0.4535","0.4535","0.4535","0.379","0.379","0.379","0.1","0.1","0.1","0.3204","0.3204","0.3204","0.4644","0.4644","0.4644","0.4401","0.4401","0.4401","0.4251","0.4251","0.4251","0.1773","0.1773","0.1773","0.3","0.3","0.3","0.3712","0.3712","0.3712"
"31","0.2477","0.2477","0.2477","0.3486","0.3486","0.3486","0.4527","0.4527","0.4527","0.4621","0.4621","0.4621","0.4207","0.4207","0.4207","0.3774","0.3774","0.3774","0.4112","0.4112","0.4112","0.4497","0.4497","0.4497","0.4536","0.4536","0.4536","0.3651","0.3651","0.3651","0.1","0.1","0.1","0.3148","0.3148","0.3148","0.4636","0.4636","0.4636","0.4379","0.4379","0.4379","0.4321","0.4321","0.4321","0.1782","0.1782","0.1782","0.3008","0.3008","0.3008","0.3787","0.3787","0.3787"
"32","0.2547","0.2547","0.2547","0.3557","0.3557","0.3557","0.4533","0.4533","0.4533","0.448","0.448","0.448","0.4218","0.4218","0.4218","0.3798","0.3798","0.3798","0.4108","0.4108","0.4108","0.4534","0.4534","0.4534","0.4497","0.4497","0.4497","0.3742","0.3742","0.3742","0.1","0.1","0.1","0.3141","0.3141","0.3141","0.4629","0.4629","0.4629","0.4432","0.4432","0.4432","0.4228","0.4228","0.4228","0.1789","0.1789","0.1789","0.3007","0.3007","0.3007","0.3797","0.3797","0.3797"
"33","0.2649","0.2649","0.2649","0.3583","0.3583","0.3583","0.4622","0.4622","0.4622","0.4663","0.4663","0.4663","0.4283","0.4283","0.4283","0.38","0.38","0.38","0.4116","0.4116","0.4116","0.4563","0.4563","0.4563","0.456","0.456","0.456","0.3738","0.3738","0.3738","0.1","0.1","0.1","0.3128","0.3128","0.3128","0.4679","0.4679","0.4679","0.4351","0.4351","0.4351","0.4268","0.4268","0.4268","0.1802","0.1802","0.1802","0.3075","0.3075","0.3075","0.3815","0.3815","0.3815"
"34","0.2623","0.2623","0.2623","0.3597","0.3597","0.3597","0.4631","0.4631","0.4631","0.4685","0.4685","0.4685","0.4269","0.4269","0.4269","0.3889","0.3889","0.3889","0.4098","0.4098","0.4098","0.4545","0.4545","0.4545","0.4593","0.4593","0.4593","0.3798","0.3798","0.3798","0.1","0.1","0.1","0.3221","0.3221","0.3221","0.4687","0.4687","0.4687","0.4245","0.4245","0.4245","0.4282","0.4282","0.4282","0.1803","0.1803","0.1803","0.3066","0.3066","0.3066","0.3815","0.3815","0.3815"
"35","0.2699","0.2699","0.2699","0.3634","0.3634","0.3634","0.4672","0.4672","0.4672","0.4724","0.4724","0.4724","0.4244","0.4244","0.4244","0.3871","0.3871","0.3871","0.4163","0.4163","0.4163","0.4504","0.4504","0.4504","0.4583","0.4583","0.4583","0.3745","0.3745","0.3745","0.0998","0.0998","0.0998","0.3172","0.3172","0.3172","0.4717","0.4717","0.4717","0.4334","0.4334","0.4334","0.4237","0.4237","0.4237","0.1811","0.1811","0.1811","0.3121","0.3121","0.3121","0.3886","0.3886","0.3886"
"36","0.2711","0.2711","0.2711","0.3663","0.3663","0.3663","0.4785","0.4785","0.4785","0.4721","0.4721","0.4721","0.4239","0.4239","0.4239","0.3915","0.3915","0.3915","0.4146","0.4146","0.4146","0.4571","0.4571","0.4571","0.4503","0.4503","0.4503","0.3778","0.3778","0.3778","0.1","0.1","0.1","0.3218","0.3218","0.3218","0.4638","0.4638","0.4638","0.4275","0.4275","0.4275","0.4259","0.4259","0.4259","0.1821","0.1821","0.1821","0.3195","0.3195","0.3195","0.3941","0.3941","0.3941"
"37","0.2666","0.2666","0.2666","0.3673","0.3673","0.3673","0.4692","0.4692","0.4692","0.4723","0.4723","0.4723","0.4387","0.4387","0.4387","0.3907","0.3907","0.3907","0.4139","0.4139","0.4139","0.4581","0.4581","0.4581","0.4547","0.4547","0.4547","0.3684","0.3684","0.3684","0.0998","0.0998","0.0998","0.3229","0.3229","0.3229","0.4634","0.4634","0.4634","0.4249","0.4249","0.4249","0.425","0.425","0.425","0.1818","0.1818","0.1818","0.3132","0.3132","0.3132","0.3905","0.3905","0.3905"
"38","0.2748","0.2748","0.2748","0.3713","0.3713","0.3713","0.472","0.472","0.472","0.4761","0.4761","0.4761","0.439","0.439","0.439","0.3926","0.3926","0.3926","0.4118","0.4118","0.4118","0.4593","0.4593","0.4593","0.4571","0.4571","0.4571","0.3777","0.3777","0.3777","0.1","0.1","0.1","0.3216","0.3216","0.3216","0.4692","0.4692","0.4692","0.4271","0.4271","0.4271","0.4245","0.4245","0.4245","0.1831","0.1831","0.1831","0.3235","0.3235","0.3235","0.3963","0.3963","0.3963"
"39","0.2759","0.2759","0.2759","0.3736","0.3736","0.3736","0.4704","0.4704","0.4704","0.4655","0.4655","0.4655","0.4368","0.4368","0.4368","0.3989","0.3989","0.3989","0.4158","0.4158","0.4158","0.4563","0.4563","0.4563","0.4574","0.4574","0.4574","0.3701","0.3701","0.3701","0.1","0.1","0.1","0.3201","0.3201","0.3201","0.4662","0.4662","0.4662","0.4263","0.4263","0.4263","0.4311","0.4311","0.4311","0.1824","0.1824","0.1824","0.3247","0.3247","0.3247","0.3886","0.3886","0.3886"
"40","0.2756","0.2756","0.2756","0.3791","0.3791","0.3791","0.4749","0.4749","0.4749","0.4777","0.4777","0.4777","0.4383","0.4383","0.4383","0.3939","0.3939","0.3939","0.4178","0.4178","0.4178","0.459","0.459","0.459","0.4507","0.4507","0.4507","0.3723","0.3723","0.3723","0.1","0.1","0.1","0.2988","0.2988","0.2988","0.4742","0.4742","0.4742","0.4264","0.4264","0.4264","0.4211","0.4211","0.4211","0.1835","0.1835","0.1835","0.329","0.329","0.329","0.3995","0.3995","0.3995"
"41","0.2759","0.2759","0.2759","0.3819","0.3819","0.3819","0.4726","0.4726","0.4726","0.4764","0.4764","0.4764","0.4408","0.4408","0.4408","0.3989","0.3989","0.3989","0.4164","0.4164","0.4164","0.4636","0.4636","0.4636","0.46","0.46","0.46","0.3752","0.3752","0.3752","0.0998","0.0998","0.0998","0.3274","0.3274","0.3274","0.4783","0.4783","0.4783","0.4271","0.4271","0.4271","0.4208","0.4208","0.4208","0.1847","0.1847","0.1847","0.3315","0.3315","0.3315","0.3985","0.3985","0.3985"
"42","0.2824","0.2824","0.2824","0.3835","0.3835","0.3835","0.4841","0.4841","0.4841","0.4786","0.4786","0.4786","0.4401","0.4401","0.4401","0.4014","0.4014","0.4014","0.4191","0.4191","0.4191","0.4532","0.4532","0.4532","0.46","0.46","0.46","0.3785","0.3785","0.3785","0.1","0.1","0.1","0.3256","0.3256","0.3256","0.4756","0.4756","0.4756","0.415","0.415","0.415","0.4191","0.4191","0.4191","0.1852","0.1852","0.1852","0.3336","0.3336","0.3336","0.4044","0.4044","0.4044"
"43","0.2832","0.2832","0.2832","0.3839","0.3839","0.3839","0.48","0.48","0.48","0.4785","0.4785","0.4785","0.4488","0.4488","0.4488","0.3985","0.3985","0.3985","0.4202","0.4202","0.4202","0.459","0.459","0.459","0.4573","0.4573","0.4573","0.3673","0.3673","0.3673","0.0998","0.0998","0.0998","0.3302","0.3302","0.3302","0.4714","0.4714","0.4714","0.4269","0.4269","0.4269","0.4235","0.4235","0.4235","0.1858","0.1858","0.1858","0.3369","0.3369","0.3369","0.4037","0.4037","0.4037"
"44","0.2886","0.2886","0.2886","0.384","0.384","0.384","0.488","0.488","0.488","0.4808","0.4808","0.4808","0.4456","0.4456","0.4456","0.4049","0.4049","0.4049","0.4176","0.4176","0.4176","0.4594","0.4594","0.4594","0.4597","0.4597","0.4597","0.3749","0.3749","0.3749","0.1","0.1","0.1","0.3274","0.3274","0.3274","0.4732","0.4732","0.4732","0.4205","0.4205","0.4205","0.4234","0.4234","0.4234","0.1861","0.1861","0.1861","0.335","0.335","0.335","0.4039","0.4039","0.4039"
"45","0.2902","0.2902","0.2902","0.3872","0.3872","0.3872","0.4878","0.4878","0.4878","0.4881","0.4881","0.4881","0.4436","0.4436","0.4436","0.4083","0.4083","0.4083","0.418","0.418","0.418","0.4607","0.4607","0.4607","0.4649","0.4649","0.4649","0.3638","0.3638","0.3638","0.1","0.1","0.1","0.3319","0.3319","0.3319","0.4729","0.4729","0.4729","0.4201","0.4201","0.4201","0.4184","0.4184","0.4184","0.1862","0.1862","0.1862","0.3396","0.3396","0.3396","0.412","0.412","0.412"
"46","0.2916","0.2916","0.2916","0.3924","0.3924","0.3924","0.4915","0.4915","0.4915","0.4813","0.4813","0.4813","0.4484","0.4484","0.4484","0.4074","0.4074","0.4074","0.4205","0.4205","0.4205","0.4617","0.4617","0.4617","0.4601","0.4601","0.4601","0.3735","0.3735","0.3735","0.1","0.1","0.1","0.3325","0.3325","0.3325","0.4743","0.4743","0.4743","0.419","0.419","0.419","0.4194","0.4194","0.4194","0.1866","0.1866","0.1866","0.3408","0.3408","0.3408","0.3916","0.3916","0.3916"
"47","0.2912","0.2912","0.2912","0.3946","0.3946","0.3946","0.4836","0.4836","0.4836","0.486","0.486","0.486","0.4455","0.4455","0.4455","0.4065","0.4065","0.4065","0.423","0.423","0.423","0.4641","0.4641","0.4641","0.4594","0.4594","0.4594","0.3803","0.3803","0.3803","0.0998","0.0998","0.0998","0.3285","0.3285","0.3285","0.4707","0.4707","0.4707","0.4254","0.4254","0.4254","0.4217","0.4217","0.4217","0.1864","0.1864","0.1864","0.3426","0.3426","0.3426","0.4108","0.4108","0.4108"
"48","0.2982","0.2982","0.2982","0.392","0.392","0.392","0.4944","0.4944","0.4944","0.4894","0.4894","0.4894","0.4485","0.4485","0.4485","0.414","0.414","0.414","0.4223","0.4223","0.4223","0.4619","0.4619","0.4619","0.4642","0.4642","0.4642","0.3697","0.3697","0.3697","0.1","0.1","0.1","0.302","0.302","0.302","0.4684","0.4684","0.4684","0.4239","0.4239","0.4239","0.4157","0.4157","0.4157","0.1868","0.1868","0.1868","0.347","0.347","0.347","0.4105","0.4105","0.4105"
"49","0.2963","0.2963","0.2963","0.3955","0.3955","0.3955","0.4976","0.4976","0.4976","0.4911","0.4911","0.4911","0.4552","0.4552","0.4552","0.4113","0.4113","0.4113","0.4221","0.4221","0.4221","0.4655","0.4655","0.4655","0.4581","0.4581","0.4581","0.3712","0.3712","0.3712","0.0998","0.0998","0.0998","0.3345","0.3345","0.3345","0.4812","0.4812","0.4812","0.4249","0.4249","0.4249","0.4159","0.4159","0.4159","0.1864","0.1864","0.1864","0.351","0.351","0.351","0.4126","0.4126","0.4126"
"50","0.301","0.301","0.301","0.3966","0.3966","0.3966","0.4922","0.4922","0.4922","0.4896","0.4896","0.4896","0.4566","0.4566","0.4566","0.4158","0.4158","0.4158","0.4208","0.4208","0.4208","0.4581","0.4581","0.4581","0.4585","0.4585","0.4585","0.3782","0.3782","0.3782","0.1","0.1","0.1","0.3226","0.3226","0.3226","0.4683","0.4683","0.4683","0.4218","0.4218","0.4218","0.4124","0.4124","0.4124","0.187","0.187","0.187","0.3471","0.3471","0.3471","0.4082","0.4082","0.4082"
"51","0.3044","0.3044","0.3044","0.3964","0.3964","0.3964","0.4836","0.4836","0.4836","0.4744","0.4744","0.4744","0.4523","0.4523","0.4523","0.4153","0.4153","0.4153","0.4242","0.4242","0.4242","0.4655","0.4655","0.4655","0.466","0.466","0.466","0.3721","0.3721","0.3721","","","","0.3307","0.3307","0.3307","0.4633","0.4633","0.4633","0.4171","0.4171","0.4171","0.417","0.417","0.417","0.1873","0.1873","0.1873","0.35","0.35","0.35","0.4258","0.4258","0.4258"
"52","0.3052","0.3052","0.3052","0.3998","0.3998","0.3998","0.4903","0.4903","0.4903","0.4867","0.4867","0.4867","0.4543","0.4543","0.4543","0.4138","0.4138","0.4138","0.4271","0.4271","0.4271","0.462","0.462","0.462","0.4606","0.4606","0.4606","0.3795","0.3795","0.3795","","","","0.2956","0.2956","0.2956","0.4782","0.4782","0.4782","0.4137","0.4137","0.4137","0.4124","0.4124","0.4124","0.1873","0.1873","0.1873","0.3566","0.3566","0.3566","0.4234","0.4234","0.4234"
"53","0.3073","0.3073","0.3073","0.4007","0.4007","0.4007","0.4994","0.4994","0.4994","0.4834","0.4834","0.4834","0.4549","0.4549","0.4549","0.4185","0.4185","0.4185","0.4249","0.4249","0.4249","0.4709","0.4709","0.4709","0.4614","0.4614","0.4614","0.3796","0.3796","0.3796","","","","0.3192","0.3192","0.3192","0.4696","0.4696","0.4696","0.4182","0.4182","0.4182","0.405","0.405","0.405","0.1873","0.1873","0.1873","0.3613","0.3613","0.3613","0.42","0.42","0.42"
"54","0.3083","0.3083","0.3083","0.4054","0.4054","0.4054","0.4956","0.4956","0.4956","0.4858","0.4858","0.4858","0.461","0.461","0.461","0.4199","0.4199","0.4199","0.4272","0.4272","0.4272","0.4637","0.4637","0.4637","0.4642","0.4642","0.4642","0.3712","0.3712","0.3712","","","","0.3273","0.3273","0.3273","0.4602","0.4602","0.4602","0.4165","0.4165","0.4165","0.4148","0.4148","0.4148","0.1883","0.1883","0.1883","0.3614","0.3614","0.3614","0.4267","0.4267","0.4267"
"55","0.307","0.307","0.307","0.4039","0.4039","0.4039","0.5011","0.5011","0.5011","0.491","0.491","0.491","0.4656","0.4656","0.4656","0.4205","0.4205","0.4205","0.4254","0.4254","0.4254","0.4646","0.4646","0.4646","0.4647","0.4647","0.4647","0.3819","0.3819","0.3819","","","","0.3268","0.3268","0.3268","0.4618","0.4618","0.4618","0.4194","0.4194","0.4194","0.4148","0.4148","0.4148","0.1885","0.1885","0.1885","0.3635","0.3635","0.3635","0.4245","0.4245","0.4245"
"56","0.3077","0.3077","0.3077","0.4049","0.4049","0.4049","0.4987","0.4987","0.4987","0.4866","0.4866","0.4866","0.4641","0.4641","0.4641","0.4205","0.4205","0.4205","0.4278","0.4278","0.4278","0.4591","0.4591","0.4591","0.4692","0.4692","0.4692","0.3833","0.3833","0.3833","","","","0.3164","0.3164","0.3164","0.4681","0.4681","0.4681","0.4079","0.4079","0.4079","0.4122","0.4122","0.4122","0.1875","0.1875","0.1875","0.3667","0.3667","0.3667","0.3933","0.3933","0.3933"
"57","0.3088","0.3088","0.3088","0.4067","0.4067","0.4067","0.4991","0.4991","0.4991","0.4819","0.4819","0.4819","0.4636","0.4636","0.4636","0.4187","0.4187","0.4187","0.4284","0.4284","0.4284","0.4649","0.4649","0.4649","0.4629","0.4629","0.4629","0.3666","0.3666","0.3666","","","","0.333","0.333","0.333","0.4733","0.4733","0.4733","0.4117","0.4117","0.4117","0.4025","0.4025","0.4025","0.1875","0.1875","0.1875","0.3655","0.3655","0.3655","0.4288","0.4288","0.4288"
"58","0.3118","0.3118","0.3118","0.4109","0.4109","0.4109","0.4994","0.4994","0.4994","0.4865","0.4865","0.4865","0.4617","0.4617","0.4617","0.4228","0.4228","0.4228","0.4305","0.4305","0.4305","0.4646","0.4646","0.4646","0.4609","0.4609","0.4609","0.3745","0.3745","0.3745","","","","0.331","0.331","0.331","0.462","0.462","0.462","0.4126","0.4126","0.4126","0.4119","0.4119","0.4119","0.1879","0.1879","0.1879","0.3685","0.3685","0.3685","0.4251","0.4251","0.4251"
"59","0.3168","0.3168","0.3168","0.4063","0.4063","0.4063","0.4978","0.4978","0.4978","0.4961","0.4961","0.4961","0.4647","0.4647","0.4647","0.422","0.422","0.422","0.4274","0.4274","0.4274","0.4626","0.4626","0.4626","0.4597","0.4597","0.4597","0.3768","0.3768","0.3768","","","","0.3389","0.3389","0.3389","0.4733","0.4733","0.4733","0.4166","0.4166","0.4166","0.4038","0.4038","0.4038","0.1875","0.1875","0.1875","0.3704","0.3704","0.3704","0.4246","0.4246","0.4246"
"60","0.3131","0.3131","0.3131","0.4166","0.4166","0.4166","0.4977","0.4977","0.4977","0.4846","0.4846","0.4846","0.4677","0.4677","0.4677","0.4226","0.4226","0.4226","0.4298","0.4298","0.4298","0.4671","0.4671","0.4671","0.4622","0.4622","0.4622","0.362","0.362","0.362","","","","0.3226","0.3226","0.3226","0.4676","0.4676","0.4676","0.4079","0.4079","0.4079","0.4075","0.4075","0.4075","0.1876","0.1876","0.1876","0.3725","0.3725","0.3725","0.4407","0.4407","0.4407"
"61","0.3176","0.3176","0.3176","0.4147","0.4147","0.4147","0.5004","0.5004","0.5004","0.4844","0.4844","0.4844","0.4644","0.4644","0.4644","0.426","0.426","0.426","0.4303","0.4303","0.4303","0.4634","0.4634","0.4634","0.4619","0.4619","0.4619","0.3808","0.3808","0.3808","","","","0.33","0.33","0.33","0.4802","0.4802","0.4802","0.4152","0.4152","0.4152","0.4103","0.4103","0.4103","0.1879","0.1879","0.1879","0.3706","0.3706","0.3706","0.4371","0.4371","0.4371"
"62","0.3192","0.3192","0.3192","0.4148","0.4148","0.4148","0.4979","0.4979","0.4979","0.4838","0.4838","0.4838","0.4753","0.4753","0.4753","0.425","0.425","0.425","0.4319","0.4319","0.4319","0.4624","0.4624","0.4624","0.4538","0.4538","0.4538","0.3803","0.3803","0.3803","","","","0.3248","0.3248","0.3248","0.4753","0.4753","0.4753","0.4096","0.4096","0.4096","0.4069","0.4069","0.4069","0.1877","0.1877","0.1877","0.3722","0.3722","0.3722","0.4153","0.4153","0.4153"
"63","0.3186","0.3186","0.3186","0.4159","0.4159","0.4159","0.5009","0.5009","0.5009","0.4849","0.4849","0.4849","0.471","0.471","0.471","0.431","0.431","0.431","0.43","0.43","0.43","0.461","0.461","0.461","0.4575","0.4575","0.4575","0.3662","0.3662","0.3662","","","","0.3186","0.3186","0.3186","0.4684","0.4684","0.4684","0.415","0.415","0.415","0.4033","0.4033","0.4033","0.1881","0.1881","0.1881","0.3737","0.3737","0.3737","0.4257","0.4257","0.4257"
"64","0.3227","0.3227","0.3227","0.4171","0.4171","0.4171","0.4961","0.4961","0.4961","0.4784","0.4784","0.4784","0.4725","0.4725","0.4725","0.4283","0.4283","0.4283","0.4289","0.4289","0.4289","0.4611","0.4611","0.4611","0.4518","0.4518","0.4518","0.3789","0.3789","0.3789","","","","0.3387","0.3387","0.3387","0.4721","0.4721","0.4721","0.413","0.413","0.413","0.402","0.402","0.402","0.1888","0.1888","0.1888","0.3805","0.3805","0.3805","0.4207","0.4207","0.4207"
"65","0.3246","0.3246","0.3246","0.4189","0.4189","0.4189","0.5005","0.5005","0.5005","0.4866","0.4866","0.4866","0.4761","0.4761","0.4761","0.4326","0.4326","0.4326","0.4308","0.4308","0.4308","0.4613","0.4613","0.4613","0.4602","0.4602","0.4602","0.3497","0.3497","0.3497","","","","0.3277","0.3277","0.3277","0.4701","0.4701","0.4701","0.4128","0.4128","0.4128","0.3998","0.3998","0.3998","0.1895","0.1895","0.1895","0.3823","0.3823","0.3823","0.4404","0.4404","0.4404"
"66","0.324","0.324","0.324","0.4193","0.4193","0.4193","0.4985","0.4985","0.4985","0.4786","0.4786","0.4786","0.4806","0.4806","0.4806","0.436","0.436","0.436","0.4328","0.4328","0.4328","0.4623","0.4623","0.4623","0.4614","0.4614","0.4614","0.3716","0.3716","0.3716","","","","0.3226","0.3226","0.3226","0.4772","0.4772","0.4772","0.4071","0.4071","0.4071","0.4054","0.4054","0.4054","0.1908","0.1908","0.1908","0.3744","0.3744","0.3744","0.443","0.443","0.443"
"67","0.3256","0.3256","0.3256","0.4228","0.4228","0.4228","0.4954","0.4954","0.4954","0.4865","0.4865","0.4865","0.4756","0.4756","0.4756","0.43","0.43","0.43","0.4312","0.4312","0.4312","0.4626","0.4626","0.4626","0.4618","0.4618","0.4618","0.3689","0.3689","0.3689","","","","0.3286","0.3286","0.3286","0.4708","0.4708","0.4708","0.4096","0.4096","0.4096","0.4024","0.4024","0.4024","0.19","0.19","0.19","0.3832","0.3832","0.3832","0.4212","0.4212","0.4212"
"68","0.3259","0.3259","0.3259","0.4224","0.4224","0.4224","0.4998","0.4998","0.4998","0.4886","0.4886","0.4886","0.4756","0.4756","0.4756","0.4354","0.4354","0.4354","0.4372","0.4372","0.4372","0.4646","0.4646","0.4646","0.4607","0.4607","0.4607","0.3694","0.3694","0.3694","","","","0.3383","0.3383","0.3383","0.4798","0.4798","0.4798","0.41","0.41","0.41","0.4035","0.4035","0.4035","0.1913","0.1913","0.1913","0.383","0.383","0.383","0.4403","0.4403","0.4403"
"69","0.3274","0.3274","0.3274","0.4262","0.4262","0.4262","0.501","0.501","0.501","0.4899","0.4899","0.4899","0.477","0.477","0.477","0.4346","0.4346","0.4346","0.4353","0.4353","0.4353","0.4643","0.4643","0.4643","0.4605","0.4605","0.4605","0.3643","0.3643","0.3643","","","","0.3438","0.3438","0.3438","0.4751","0.4751","0.4751","","","","0.4001","0.4001","0.4001","0.1919","0.1919","0.1919","0.3756","0.3756","0.3756","0.4387","0.4387","0.4387"
"70","0.3309","0.3309","0.3309","0.4237","0.4237","0.4237","0.4978","0.4978","0.4978","0.4778","0.4778","0.4778","0.4802","0.4802","0.4802","0.4413","0.4413","0.4413","0.4334","0.4334","0.4334","0.4645","0.4645","0.4645","0.4569","0.4569","0.4569","0.3688","0.3688","0.3688","","","","0.3306","0.3306","0.3306","0.469","0.469","0.469","","","","0.3985","0.3985","0.3985","0.1923","0.1923","0.1923","0.3866","0.3866","0.3866","0.4462","0.4462","0.4462"
"71","0.3343","0.3343","0.3343","0.4279","0.4279","0.4279","0.494","0.494","0.494","0.4783","0.4783","0.4783","0.482","0.482","0.482","0.4399","0.4399","0.4399","0.4384","0.4384","0.4384","0.465","0.465","0.465","0.4622","0.4622","0.4622","0.3724","0.3724","0.3724","","","","0.3289","0.3289","0.3289","0.4701","0.4701","0.4701","","","","0.3994","0.3994","0.3994","0.1922","0.1922","0.1922","0.3847","0.3847","0.3847","0.4475","0.4475","0.4475"
"72","0.337","0.337","0.337","0.4286","0.4286","0.4286","0.4957","0.4957","0.4957","0.4796","0.4796","0.4796","0.4806","0.4806","0.4806","0.436","0.436","0.436","0.4332","0.4332","0.4332","0.4636","0.4636","0.4636","0.4581","0.4581","0.4581","0.3723","0.3723","0.3723","","","","0.3306","0.3306","0.3306","0.4689","0.4689","0.4689","","","","0.3961","0.3961","0.3961","0.1935","0.1935","0.1935","0.3907","0.3907","0.3907","0.4544","0.4544","0.4544"
"73","0.337","0.337","0.337","0.4274","0.4274","0.4274","0.4948","0.4948","0.4948","0.4821","0.4821","0.4821","0.4849","0.4849","0.4849","0.4389","0.4389","0.4389","0.4355","0.4355","0.4355","0.4622","0.4622","0.4622","0.4499","0.4499","0.4499","0.3616","0.3616","0.3616","","","","0.329","0.329","0.329","0.4626","0.4626","0.4626","","","","0.3995","0.3995","0.3995","0.1946","0.1946","0.1946","0.3909","0.3909","0.3909","0.4386","0.4386","0.4386"
"74","0.3397","0.3397","0.3397","0.4294","0.4294","0.4294","0.4949","0.4949","0.4949","0.4805","0.4805","0.4805","0.4887","0.4887","0.4887","0.4438","0.4438","0.4438","0.4355","0.4355","0.4355","0.4616","0.4616","0.4616","0.4565","0.4565","0.4565","0.3665","0.3665","0.3665","","","","0.3308","0.3308","0.3308","0.4726","0.4726","0.4726","","","","0.4016","0.4016","0.4016","0.1929","0.1929","0.1929","0.393","0.393","0.393","0.4466","0.4466","0.4466"
"75","0.3371","0.3371","0.3371","0.4303","0.4303","0.4303","0.4896","0.4896","0.4896","0.4843","0.4843","0.4843","0.4792","0.4792","0.4792","0.4425","0.4425","0.4425","0.4378","0.4378","0.4378","0.4602","0.4602","0.4602","0.4576","0.4576","0.4576","0.3741","0.3741","0.3741","","","","0.3201","0.3201","0.3201","0.4758","0.4758","0.4758","","","","0.4015","0.4015","0.4015","0.1946","0.1946","0.1946","0.3938","0.3938","0.3938","0.4508","0.4508","0.4508"
"76","0.342","0.342","0.342","0.4335","0.4335","0.4335","0.4923","0.4923","0.4923","0.4887","0.4887","0.4887","0.4853","0.4853","0.4853","0.4453","0.4453","0.4453","0.4365","0.4365","0.4365","0.463","0.463","0.463","0.457","0.457","0.457","0.3757","0.3757","0.3757","","","","0.3381","0.3381","0.3381","0.4663","0.4663","0.4663","","","","0.3956","0.3956","0.3956","0.1958","0.1958","0.1958","0.3971","0.3971","0.3971","0.4438","0.4438","0.4438"
"77","0.3445","0.3445","0.3445","0.4299","0.4299","0.4299","0.499","0.499","0.499","0.4802","0.4802","0.4802","0.4825","0.4825","0.4825","0.4459","0.4459","0.4459","0.4387","0.4387","0.4387","0.4646","0.4646","0.4646","0.4538","0.4538","0.4538","0.3716","0.3716","0.3716","","","","0.3169","0.3169","0.3169","0.4762","0.4762","0.4762","","","","0.4019","0.4019","0.4019","0.1961","0.1961","0.1961","0.399","0.399","0.399","0.456","0.456","0.456"
"78","0.3451","0.3451","0.3451","0.4386","0.4386","0.4386","0.4986","0.4986","0.4986","0.4864","0.4864","0.4864","0.488","0.488","0.488","0.4506","0.4506","0.4506","0.439","0.439","0.439","0.4607","0.4607","0.4607","0.4568","0.4568","0.4568","0.3661","0.3661","0.3661","","","","0.3277","0.3277","0.3277","0.4657","0.4657","0.4657","","","","0.3942","0.3942","0.3942","0.1984","0.1984","0.1984","0.4019","0.4019","0.4019","0.4616","0.4616","0.4616"
"79","0.3447","0.3447","0.3447","0.4311","0.4311","0.4311","0.4933","0.4933","0.4933","0.4841","0.4841","0.4841","0.4869","0.4869","0.4869","0.449","0.449","0.449","0.4392","0.4392","0.4392","0.4601","0.4601","0.4601","0.4585","0.4585","0.4585","0.3734","0.3734","0.3734","","","","0.3254","0.3254","0.3254","0.4634","0.4634","0.4634","","","","0.3959","0.3959","0.3959","0.1988","0.1988","0.1988","0.3996","0.3996","0.3996","0.4558","0.4558","0.4558"
"80","0.3458","0.3458","0.3458","0.4385","0.4385","0.4385","0.4893","0.4893","0.4893","0.4792","0.4792","0.4792","0.4875","0.4875","0.4875","0.4487","0.4487","0.4487","0.4376","0.4376","0.4376","0.4646","0.4646","0.4646","0.456","0.456","0.456","0.373","0.373","0.373","","","","0.3354","0.3354","0.3354","0.4692","0.4692","0.4692","","","","0.3941","0.3941","0.3941","0.1995","0.1995","0.1995","0.3899","0.3899","0.3899","0.4176","0.4176","0.4176"
"81","0.3471","0.3471","0.3471","0.4391","0.4391","0.4391","0.4898","0.4898","0.4898","0.4894","0.4894","0.4894","0.4913","0.4913","0.4913","0.4466","0.4466","0.4466","0.4416","0.4416","0.4416","0.4653","0.4653","0.4653","0.4533","0.4533","0.4533","0.3588","0.3588","0.3588","","","","0.3322","0.3322","0.3322","0.4676","0.4676","0.4676","","","","0.4006","0.4006","0.4006","0.1994","0.1994","0.1994","0.4019","0.4019","0.4019","0.4534","0.4534","0.4534"
"82","0.3518","0.3518","0.3518","0.4391","0.4391","0.4391","0.496","0.496","0.496","0.4826","0.4826","0.4826","0.4824","0.4824","0.4824","0.4493","0.4493","0.4493","0.4384","0.4384","0.4384","0.4614","0.4614","0.4614","0.4563","0.4563","0.4563","0.3673","0.3673","0.3673","","","","0.326","0.326","0.326","0.4735","0.4735","0.4735","","","","0.3955","0.3955","0.3955","0.2002","0.2002","0.2002","0.403","0.403","0.403","0.4487","0.4487","0.4487"
"83","0.3488","0.3488","0.3488","0.4392","0.4392","0.4392","0.494","0.494","0.494","0.4873","0.4873","0.4873","0.4861","0.4861","0.4861","0.4505","0.4505","0.4505","0.4407","0.4407","0.4407","0.4625","0.4625","0.4625","0.4556","0.4556","0.4556","0.3664","0.3664","0.3664","","","","0.3272","0.3272","0.3272","0.4641","0.4641","0.4641","","","","0.3962","0.3962","0.3962","0.1999","0.1999","0.1999","0.407","0.407","0.407","0.4628","0.4628","0.4628"
"84","0.3523","0.3523","0.3523","0.4402","0.4402","0.4402","0.5006","0.5006","0.5006","0.4904","0.4904","0.4904","0.4869","0.4869","0.4869","0.4565","0.4565","0.4565","0.4388","0.4388","0.4388","0.4644","0.4644","0.4644","0.4558","0.4558","0.4558","0.3626","0.3626","0.3626","","","","0.3279","0.3279","0.3279","0.4588","0.4588","0.4588","","","","0.3966","0.3966","0.3966","0.2015","0.2015","0.2015","0.4031","0.4031","0.4031","0.4601","0.4601","0.4601"
"85","0.3532","0.3532","0.3532","0.4459","0.4459","0.4459","0.4958","0.4958","0.4958","0.4828","0.4828","0.4828","0.4889","0.4889","0.4889","0.4555","0.4555","0.4555","0.4435","0.4435","0.4435","0.4651","0.4651","0.4651","0.4556","0.4556","0.4556","0.3615","0.3615","0.3615","","","","0.3405","0.3405","0.3405","0.4719","0.4719","0.4719","","","","0.3889","0.3889","0.3889","0.2011","0.2011","0.2011","0.3904","0.3904","0.3904","0.4635","0.4635","0.4635"
"86","0.3522","0.3522","0.3522","0.4425","0.4425","0.4425","0.4959","0.4959","0.4959","0.4902","0.4902","0.4902","0.4894","0.4894","0.4894","0.4549","0.4549","0.4549","0.4434","0.4434","0.4434","0.462","0.462","0.462","0.4503","0.4503","0.4503","0.3737","0.3737","0.3737","","","","0.3351","0.3351","0.3351","0.4617","0.4617","0.4617","","","","0.3939","0.3939","0.3939","0.2012","0.2012","0.2012","0.4097","0.4097","0.4097","0.464","0.464","0.464"
"87","0.3526","0.3526","0.3526","0.4403","0.4403","0.4403","0.4908","0.4908","0.4908","0.483","0.483","0.483","0.4922","0.4922","0.4922","0.4538","0.4538","0.4538","0.4409","0.4409","0.4409","0.4624","0.4624","0.4624","0.4543","0.4543","0.4543","0.3709","0.3709","0.3709","","","","0.3376","0.3376","0.3376","0.4602","0.4602","0.4602","","","","0.3925","0.3925","0.3925","0.2022","0.2022","0.2022","0.41","0.41","0.41","0.4456","0.4456","0.4456"
"88","0.3541","0.3541","0.3541","0.4456","0.4456","0.4456","0.4936","0.4936","0.4936","0.4892","0.4892","0.4892","0.4907","0.4907","0.4907","0.4556","0.4556","0.4556","0.4403","0.4403","0.4403","0.4606","0.4606","0.4606","0.4533","0.4533","0.4533","0.3575","0.3575","0.3575","","","","0.2994","0.2994","0.2994","0.4678","0.4678","0.4678","","","","0.3914","0.3914","0.3914","0.2034","0.2034","0.2034","0.4147","0.4147","0.4147","0.4636","0.4636","0.4636"
"89","0.3537","0.3537","0.3537","0.4444","0.4444","0.4444","0.4908","0.4908","0.4908","0.4878","0.4878","0.4878","0.4925","0.4925","0.4925","0.459","0.459","0.459","0.4422","0.4422","0.4422","0.464","0.464","0.464","0.4546","0.4546","0.4546","0.3767","0.3767","0.3767","","","","0.2983","0.2983","0.2983","0.4568","0.4568","0.4568","","","","0.3933","0.3933","0.3933","0.2035","0.2035","0.2035","0.4042","0.4042","0.4042","0.4609","0.4609","0.4609"
"90","0.3553","0.3553","0.3553","0.4488","0.4488","0.4488","0.4987","0.4987","0.4987","0.4921","0.4921","0.4921","0.4906","0.4906","0.4906","0.458","0.458","0.458","0.4431","0.4431","0.4431","0.4623","0.4623","0.4623","0.4507","0.4507","0.4507","0.3658","0.3658","0.3658","","","","0.3409","0.3409","0.3409","0.4559","0.4559","0.4559","","","","0.3912","0.3912","0.3912","0.2047","0.2047","0.2047","0.4192","0.4192","0.4192","0.4555","0.4555","0.4555"
"91","0.3546","0.3546","0.3546","0.4515","0.4515","0.4515","0.4894","0.4894","0.4894","0.4851","0.4851","0.4851","0.4921","0.4921","0.4921","0.4611","0.4611","0.4611","0.4419","0.4419","0.4419","0.4683","0.4683","0.4683","0.4563","0.4563","0.4563","0.3612","0.3612","0.3612","","","","0.3402","0.3402","0.3402","0.4649","0.4649","0.4649","","","","0.3893","0.3893","0.3893","0.2055","0.2055","0.2055","0.4072","0.4072","0.4072","0.4576","0.4576","0.4576"
"92","0.3587","0.3587","0.3587","0.4513","0.4513","0.4513","0.4902","0.4902","0.4902","0.4924","0.4924","0.4924","0.4909","0.4909","0.4909","0.4602","0.4602","0.4602","0.4455","0.4455","0.4455","0.4617","0.4617","0.4617","0.4527","0.4527","0.4527","0.3689","0.3689","0.3689","","","","0.3474","0.3474","0.3474","0.4517","0.4517","0.4517","","","","0.3943","0.3943","0.3943","0.2073","0.2073","0.2073","0.4115","0.4115","0.4115","0.4692","0.4692","0.4692"
"93","0.358","0.358","0.358","0.4476","0.4476","0.4476","0.49","0.49","0.49","0.4865","0.4865","0.4865","0.4877","0.4877","0.4877","0.4583","0.4583","0.4583","0.4405","0.4405","0.4405","0.4621","0.4621","0.4621","0.4546","0.4546","0.4546","0.3654","0.3654","0.3654","","","","0.3141","0.3141","0.3141","0.4673","0.4673","0.4673","","","","0.3984","0.3984","0.3984","0.2083","0.2083","0.2083","0.4182","0.4182","0.4182","0.4606","0.4606","0.4606"
"94","0.3597","0.3597","0.3597","0.4494","0.4494","0.4494","0.4889","0.4889","0.4889","0.4886","0.4886","0.4886","0.4913","0.4913","0.4913","0.4636","0.4636","0.4636","0.4455","0.4455","0.4455","0.4622","0.4622","0.4622","0.452","0.452","0.452","0.3622","0.3622","0.3622","","","","0.3424","0.3424","0.3424","0.4626","0.4626","0.4626","","","","0.3968","0.3968","0.3968","0.2089","0.2089","0.2089","0.3976","0.3976","0.3976","0.4686","0.4686","0.4686"
"95","0.359","0.359","0.359","0.4558","0.4558","0.4558","0.4963","0.4963","0.4963","0.4874","0.4874","0.4874","0.492","0.492","0.492","0.464","0.464","0.464","0.4469","0.4469","0.4469","0.4628","0.4628","0.4628","0.4518","0.4518","0.4518","0.3705","0.3705","0.3705","","","","0.3406","0.3406","0.3406","0.4637","0.4637","0.4637","","","","0.3942","0.3942","0.3942","0.2094","0.2094","0.2094","0.4168","0.4168","0.4168","0.458","0.458","0.458"
"96","0.3642","0.3642","0.3642","0.4521","0.4521","0.4521","0.4931","0.4931","0.4931","0.4892","0.4892","0.4892","0.4921","0.4921","0.4921","0.4627","0.4627","0.4627","0.4442","0.4442","0.4442","0.462","0.462","0.462","0.4513","0.4513","0.4513","0.3616","0.3616","0.3616","","","","0.3392","0.3392","0.3392","0.4622","0.4622","0.4622","","","","0.3835","0.3835","0.3835","0.2115","0.2115","0.2115","0.4187","0.4187","0.4187","0.4695","0.4695","0.4695"
"97","0.3651","0.3651","0.3651","0.456","0.456","0.456","0.4975","0.4975","0.4975","0.4953","0.4953","0.4953","0.4913","0.4913","0.4913","0.4646","0.4646","0.4646","0.4431","0.4431","0.4431","0.4617","0.4617","0.4617","0.4485","0.4485","0.4485","0.3679","0.3679","0.3679","","","","0.336","0.336","0.336","0.4629","0.4629","0.4629","","","","0.3899","0.3899","0.3899","0.2125","0.2125","0.2125","0.4173","0.4173","0.4173","0.4202","0.4202","0.4202"
"98","0.3655","0.3655","0.3655","0.4565","0.4565","0.4565","0.4914","0.4914","0.4914","0.4871","0.4871","0.4871","0.4927","0.4927","0.4927","0.4677","0.4677","0.4677","0.4463","0.4463","0.4463","0.4583","0.4583","0.4583","0.4547","0.4547","0.4547","0.3747","0.3747","0.3747","","","","0.3361","0.3361","0.3361","0.4617","0.4617","0.4617","","","","0.3947","0.3947","0.3947","0.2139","0.2139","0.2139","0.4161","0.4161","0.4161","0.4711","0.4711","0.4711"
"99","0.3682","0.3682","0.3682","0.4584","0.4584","0.4584","0.4963","0.4963","0.4963","0.4846","0.4846","0.4846","0.4884","0.4884","0.4884","0.4656","0.4656","0.4656","0.4472","0.4472","0.4472","0.4603","0.4603","0.4603","0.453","0.453","0.453","0.367","0.367","0.367","","","","0.3347","0.3347","0.3347","0.4549","0.4549","0.4549","","","","0.3921","0.3921","0.3921","0.2156","0.2156","0.2156","0.4218","0.4218","0.4218","0.4502","0.4502","0.4502"
"100","0.3681","0.3681","0.3681","0.4566","0.4566","0.4566","0.4984","0.4984","0.4984","","","","","","","","","","","","","","","","","","","","","","","","","","","","","","","","","","0.3846","0.3846","0.3846","0.216","0.216","0.216","0.4212","0.4212","0.4212","0.4659","0.4659","0.4659"
"101","0.3687","0.3687","0.3687","0.4611","0.4611","0.4611","0.4941","0.4941","0.4941","","","","","","","","","","","","","","","","","","","","","","","","","","","","","","","","","","0.3874","0.3874","0.3874","0.2181","0.2181","0.2181","0.4235","0.4235","0.4235","0.4472","0.4472","0.4472"
"102","0.3701","0.3701","0.3701","0.4607","0.4607","0.4607","0.4922","0.4922","0.4922","","","","","","","","","","","","","","","","","","","","","","","","","","","","","","","","","","0.3865","0.3865","0.3865","0.2189","0.2189","0.2189","0.4344","0.4344","0.4344","0.4558","0.4558","0.4558"
"103","0.3719","0.3719","0.3719","0.4617","0.4617","0.4617","0.4916","0.4916","0.4916","","","","","","","","","","","","","","","","","","","","","","","","","","","","","","","","","","0.3912","0.3912","0.3912","0.2205","0.2205","0.2205","0.4305","0.4305","0.4305","0.458","0.458","0.458"
"104","0.3703","0.3703","0.3703","0.4634","0.4634","0.4634","0.5001","0.5001","0.5001","","","","","","","","","","","","","","","","","","","","","","","","","","","","","","","","","","0.3942","0.3942","0.3942","0.2224","0.2224","0.2224","0.4163","0.4163","0.4163","0.4651","0.4651","0.4651"
"105","0.3722","0.3722","0.3722","0.4599","0.4599","0.4599","0.4919","0.4919","0.4919","","","","","","","","","","","","","","","","","","","","","","","","","","","","","","","","","","0.3893","0.3893","0.3893","0.2224","0.2224","0.2224","0.422","0.422","0.422","0.4678","0.4678","0.4678"
"106","0.3752","0.3752","0.3752","0.4556","0.4556","0.4556","0.4947","0.4947","0.4947","","","","","","","","","","","","","","","","","","","","","","","","","","","","","","","","","","0.3948","0.3948","0.3948","0.2228","0.2228","0.2228","0.4244","0.4244","0.4244","0.4378","0.4378","0.4378"
"107","0.3763","0.3763","0.3763","0.4638","0.4638","0.4638","0.4944","0.4944","0.4944","","","","","","","","","","","","","","","","","","","","","","","","","","","","","","","","","","0.3924","0.3924","0.3924","0.2232","0.2232","0.2232","0.4272","0.4272","0.4272","0.4766","0.4766","0.4766"
"108","0.3757","0.3757","0.3757","0.4647","0.4647","0.4647","0.4977","0.4977","0.4977","","","","","","","","","","","","","","","","","","","","","","","","","","","","","","","","","","0.3937","0.3937","0.3937","0.2246","0.2246","0.2246","0.4274","0.4274","0.4274","0.4358","0.4358","0.4358"
"109","0.3756","0.3756","0.3756","0.4669","0.4669","0.4669","0.4953","0.4953","0.4953","","","","","","","","","","","","","","","","","","","","","","","","","","","","","","","","","","0.3906","0.3906","0.3906","0.2267","0.2267","0.2267","0.4183","0.4183","0.4183","0.4304","0.4304","0.4304"
"110","0.3759","0.3759","0.3759","0.4648","0.4648","0.4648","0.4933","0.4933","0.4933","","","","","","","","","","","","","","","","","","","","","","","","","","","","","","","","","","0.39","0.39","0.39","0.2274","0.2274","0.2274","0.4284","0.4284","0.4284","0.4628","0.4628","0.4628"
"111","0.378","0.378","0.378","0.4689","0.4689","0.4689","0.4874","0.4874","0.4874","","","","","","","","","","","","","","","","","","","","","","","","","","","","","","","","","","0.3915","0.3915","0.3915","0.2282","0.2282","0.2282","0.4188","0.4188","0.4188","0.4711","0.4711","0.4711"
"112","0.3751","0.3751","0.3751","0.4673","0.4673","0.4673","0.4887","0.4887","0.4887","","","","","","","","","","","","","","","","","","","","","","","","","","","","","","","","","","0.388","0.388","0.388","0.2281","0.2281","0.2281","0.4379","0.4379","0.4379","0.4682","0.4682","0.4682"
"113","0.3784","0.3784","0.3784","0.4674","0.4674","0.4674","0.4934","0.4934","0.4934","","","","","","","","","","","","","","","","","","","","","","","","","","","","","","","","","","0.3876","0.3876","0.3876","0.231","0.231","0.231","0.435","0.435","0.435","0.4628","0.4628","0.4628"
"114","0.3777","0.3777","0.3777","0.4717","0.4717","0.4717","0.4869","0.4869","0.4869","","","","","","","","","","","","","","","","","","","","","","","","","","","","","","","","","","0.3891","0.3891","0.3891","0.2291","0.2291","0.2291","0.4409","0.4409","0.4409","0.473","0.473","0.473"
"115","0.3831","0.3831","0.3831","0.4712","0.4712","0.4712","0.4971","0.4971","0.4971","","","","","","","","","","","","","","","","","","","","","","","","","","","","","","","","","","0.3871","0.3871","0.3871","0.2316","0.2316","0.2316","0.4205","0.4205","0.4205","0.4392","0.4392","0.4392"
"116","0.3824","0.3824","0.3824","0.4742","0.4742","0.4742","0.498","0.498","0.498","","","","","","","","","","","","","","","","","","","","","","","","","","","","","","","","","","0.3889","0.3889","0.3889","0.2318","0.2318","0.2318","0.4319","0.4319","0.4319","0.4401","0.4401","0.4401"
"117","0.3842","0.3842","0.3842","0.4719","0.4719","0.4719","0.4929","0.4929","0.4929","","","","","","","","","","","","","","","","","","","","","","","","","","","","","","","","","","0.3838","0.3838","0.3838","0.233","0.233","0.233","0.4382","0.4382","0.4382","0.4615","0.4615","0.4615"
"118","0.3826","0.3826","0.3826","0.4748","0.4748","0.4748","0.4896","0.4896","0.4896","","","","","","","","","","","","","","","","","","","","","","","","","","","","","","","","","","0.3949","0.3949","0.3949","0.2357","0.2357","0.2357","0.4132","0.4132","0.4132","0.474","0.474","0.474"
"119","0.3839","0.3839","0.3839","0.4746","0.4746","0.4746","0.4902","0.4902","0.4902","","","","","","","","","","","","","","","","","","","","","","","","","","","","","","","","","","0.3888","0.3888","0.3888","0.2338","0.2338","0.2338","0.4431","0.4431","0.4431","0.4815","0.4815","0.4815"
"120","0.3871","0.3871","0.3871","0.4731","0.4731","0.4731","0.4921","0.4921","0.4921","","","","","","","","","","","","","","","","","","","","","","","","","","","","","","","","","","0.384","0.384","0.384","0.2366","0.2366","0.2366","0.4331","0.4331","0.4331","0.4787","0.4787","0.4787"
"121","0.3866","0.3866","0.3866","0.4724","0.4724","0.4724","0.4948","0.4948","0.4948","","","","","","","","","","","","","","","","","","","","","","","","","","","","","","","","","","0.3894","0.3894","0.3894","0.2377","0.2377","0.2377","0.4316","0.4316","0.4316","0.4644","0.4644","0.4644"
"122","0.3856","0.3856","0.3856","0.4752","0.4752","0.4752","0.4987","0.4987","0.4987","","","","","","","","","","","","","","","","","","","","","","","","","","","","","","","","","","0.3879","0.3879","0.3879","0.2383","0.2383","0.2383","0.4359","0.4359","0.4359","0.4516","0.4516","0.4516"
"123","0.3865","0.3865","0.3865","0.4761","0.4761","0.4761","0.4941","0.4941","0.4941","","","","","","","","","","","","","","","","","","","","","","","","","","","","","","","","","","0.3855","0.3855","0.3855","0.2409","0.2409","0.2409","0.4131","0.4131","0.4131","0.4367","0.4367","0.4367"
"124","0.39","0.39","0.39","0.4807","0.4807","0.4807","","","","","","","","","","","","","","","","","","","","","","","","","","","","","","","","","","","","","0.3876","0.3876","0.3876","0.2418","0.2418","0.2418","0.4345","0.4345","0.4345","0.4684","0.4684","0.4684"
"125","0.3882","0.3882","0.3882","0.4734","0.4734","0.4734","","","","","","","","","","","","","","","","","","","","","","","","","","","","","","","","","","","","","0.3835","0.3835","0.3835","0.2435","0.2435","0.2435","0.4397","0.4397","0.4397","0.4517","0.4517","0.4517"
"126","0.388","0.388","0.388","0.4821","0.4821","0.4821","","","","","","","","","","","","","","","","","","","","","","","","","","","","","","","","","","","","","0.3854","0.3854","0.3854","0.2438","0.2438","0.2438","0.4284","0.4284","0.4284","0.4799","0.4799","0.4799"
"127","0.3928","0.3928","0.3928","0.4813","0.4813","0.4813","","","","","","","","","","","","","","","","","","","","","","","","","","","","","","","","","","","","","0.3768","0.3768","0.3768","0.244","0.244","0.244","0.4451","0.4451","0.4451","0.4523","0.4523","0.4523"
"128","0.3902","0.3902","0.3902","0.4822","0.4822","0.4822","","","","","","","","","","","","","","","","","","","","","","","","","","","","","","","","","","","","","0.3881","0.3881","0.3881","0.2459","0.2459","0.2459","0.4381","0.4381","0.4381","0.4594","0.4594","0.4594"
"129","0.3937","0.3937","0.3937","0.4817","0.4817","0.4817","","","","","","","","","","","","","","","","","","","","","","","","","","","","","","","","","","","","","0.387","0.387","0.387","0.248","0.248","0.248","0.4388","0.4388","0.4388","0.4672","0.4672","0.4672"
"130","0.3951","0.3951","0.3951","0.4819","0.4819","0.4819","","","","","","","","","","","","","","","","","","","","","","","","","","","","","","","","","","","","","0.3906","0.3906","0.3906","0.2452","0.2452","0.2452","0.4177","0.4177","0.4177","0.4687","0.4687","0.4687"
"131","0.3926","0.3926","0.3926","0.4832","0.4832","0.4832","","","","","","","","","","","","","","","","","","","","","","","","","","","","","","","","","","","","","0.3863","0.3863","0.3863","0.2469","0.2469","0.2469","0.4458","0.4458","0.4458","0.4676","0.4676","0.4676"
"132","0.3971","0.3971","0.3971","0.4837","0.4837","0.4837","","","","","","","","","","","","","","","","","","","","","","","","","","","","","","","","","","","","","0.3865","0.3865","0.3865","0.25","0.25","0.25","0.4459","0.4459","0.4459","0.4777","0.4777","0.4777"
"133","0.3965","0.3965","0.3965","0.4848","0.4848","0.4848","","","","","","","","","","","","","","","","","","","","","","","","","","","","","","","","","","","","","0.387","0.387","0.387","0.2498","0.2498","0.2498","0.4485","0.4485","0.4485","0.4417","0.4417","0.4417"
"134","0.3993","0.3993","0.3993","0.4849","0.4849","0.4849","","","","","","","","","","","","","","","","","","","","","","","","","","","","","","","","","","","","","0.3791","0.3791","0.3791","0.2519","0.2519","0.2519","0.4349","0.4349","0.4349","0.4779","0.4779","0.4779"
"135","0.3961","0.3961","0.3961","0.4825","0.4825","0.4825","","","","","","","","","","","","","","","","","","","","","","","","","","","","","","","","","","","","","0.3903","0.3903","0.3903","0.2535","0.2535","0.2535","0.4449","0.4449","0.4449","0.475","0.475","0.475"
"136","0.3989","0.3989","0.3989","0.4879","0.4879","0.4879","","","","","","","","","","","","","","","","","","","","","","","","","","","","","","","","","","","","","0.3818","0.3818","0.3818","0.2521","0.2521","0.2521","0.4402","0.4402","0.4402","0.4605","0.4605","0.4605"
"137","0.4003","0.4003","0.4003","0.4847","0.4847","0.4847","","","","","","","","","","","","","","","","","","","","","","","","","","","","","","","","","","","","","0.3815","0.3815","0.3815","0.252","0.252","0.252","0.4416","0.4416","0.4416","0.4737","0.4737","0.4737"
"138","0.4012","0.4012","0.4012","0.4859","0.4859","0.4859","","","","","","","","","","","","","","","","","","","","","","","","","","","","","","","","","","","","","0.3882","0.3882","0.3882","0.2535","0.2535","0.2535","0.4499","0.4499","0.4499","0.4779","0.4779","0.4779"
"139","0.4006","0.4006","0.4006","0.4875","0.4875","0.4875","","","","","","","","","","","","","","","","","","","","","","","","","","","","","","","","","","","","","0.378","0.378","0.378","0.2537","0.2537","0.2537","0.4336","0.4336","0.4336","0.4735","0.4735","0.4735"
"140","0.4034","0.4034","0.4034","0.4852","0.4852","0.4852","","","","","","","","","","","","","","","","","","","","","","","","","","","","","","","","","","","","","0.3828","0.3828","0.3828","0.2538","0.2538","0.2538","0.4472","0.4472","0.4472","0.4748","0.4748","0.4748"
"141","0.403","0.403","0.403","0.4913","0.4913","0.4913","","","","","","","","","","","","","","","","","","","","","","","","","","","","","","","","","","","","","0.3852","0.3852","0.3852","0.2563","0.2563","0.2563","0.4549","0.4549","0.4549","0.4774","0.4774","0.4774"
"142","0.4016","0.4016","0.4016","0.4905","0.4905","0.4905","","","","","","","","","","","","","","","","","","","","","","","","","","","","","","","","","","","","","0.3855","0.3855","0.3855","0.255","0.255","0.255","0.4358","0.4358","0.4358","0.4555","0.4555","0.4555"
"143","0.4054","0.4054","0.4054","0.4912","0.4912","0.4912","","","","","","","","","","","","","","","","","","","","","","","","","","","","","","","","","","","","","0.3821","0.3821","0.3821","0.2559","0.2559","0.2559","0.4561","0.4561","0.4561","0.4509","0.4509","0.4509"
"144","0.4031","0.4031","0.4031","0.4916","0.4916","0.4916","","","","","","","","","","","","","","","","","","","","","","","","","","","","","","","","","","","","","0.3806","0.3806","0.3806","0.2557","0.2557","0.2557","0.4201","0.4201","0.4201","0.473","0.473","0.473"
"145","0.404","0.404","0.404","0.491","0.491","0.491","","","","","","","","","","","","","","","","","","","","","","","","","","","","","","","","","","","","","0.383","0.383","0.383","0.2539","0.2539","0.2539","0.4421","0.4421","0.4421","0.4795","0.4795","0.4795"
"146","0.4071","0.4071","0.4071","0.496","0.496","0.496","","","","","","","","","","","","","","","","","","","","","","","","","","","","","","","","","","","","","0.3829","0.3829","0.3829","0.2548","0.2548","0.2548","0.4507","0.4507","0.4507","0.4508","0.4508","0.4508"
"147","0.407","0.407","0.407","0.4972","0.4972","0.4972","","","","","","","","","","","","","","","","","","","","","","","","","","","","","","","","","","","","","0.3903","0.3903","0.3903","0.2575","0.2575","0.2575","0.4476","0.4476","0.4476","0.4814","0.4814","0.4814"
"148","0.407","0.407","0.407","0.4935","0.4935","0.4935","","","","","","","","","","","","","","","","","","","","","","","","","","","","","","","","","","","","","0.3875","0.3875","0.3875","0.2583","0.2583","0.2583","0.4573","0.4573","0.4573","0.4637","0.4637","0.4637"
"149","0.4066","0.4066","0.4066","0.4937","0.4937","0.4937","","","","","","","","","","","","","","","","","","","","","","","","","","","","","","","","","","","","","0.3797","0.3797","0.3797","0.2571","0.2571","0.2571","0.4297","0.4297","0.4297","0.4808","0.4808","0.4808"
"150","0.4065","0.4065","0.4065","0.4932","0.4932","0.4932","","","","","","","","","","","","","","","","","","","","","","","","","","","","","","","","","","","","","0.3868","0.3868","0.3868","0.2569","0.2569","0.2569","0.4559","0.4559","0.4559","0.4853","0.4853","0.4853"
"151","0.4101","0.4101","0.4101","0.4973","0.4973","0.4973","","","","","","","","","","","","","","","","","","","","","","","","","","","","","","","","","","","","","0.3829","0.3829","0.3829","0.2581","0.2581","0.2581","0.4555","0.4555","0.4555","0.4694","0.4694","0.4694"
"152","0.4074","0.4074","0.4074","0.4996","0.4996","0.4996","","","","","","","","","","","","","","","","","","","","","","","","","","","","","","","","","","","","","0.3861","0.3861","0.3861","0.2577","0.2577","0.2577","0.4522","0.4522","0.4522","0.4736","0.4736","0.4736"
"153","0.4083","0.4083","0.4083","0.4975","0.4975","0.4975","","","","","","","","","","","","","","","","","","","","","","","","","","","","","","","","","","","","","0.3856","0.3856","0.3856","0.2607","0.2607","0.2607","0.4562","0.4562","0.4562","0.4741","0.4741","0.4741"
"154","0.4102","0.4102","0.4102","0.4974","0.4974","0.4974","","","","","","","","","","","","","","","","","","","","","","","","","","","","","","","","","","","","","0.3849","0.3849","0.3849","0.26","0.26","0.26","0.4602","0.4602","0.4602","0.4749","0.4749","0.4749"
"155","0.4123","0.4123","0.4123","0.4982","0.4982","0.4982","","","","","","","","","","","","","","","","","","","","","","","","","","","","","","","","","","","","","0.3822","0.3822","0.3822","0.2605","0.2605","0.2605","0.4452","0.4452","0.4452","0.4788","0.4788","0.4788"
"156","0.4112","0.4112","0.4112","0.5014","0.5014","0.5014","","","","","","","","","","","","","","","","","","","","","","","","","","","","","","","","","","","","","0.3867","0.3867","0.3867","0.2615","0.2615","0.2615","0.4252","0.4252","0.4252","0.4765","0.4765","0.4765"
"157","0.4099","0.4099","0.4099","0.5021","0.5021","0.5021","","","","","","","","","","","","","","","","","","","","","","","","","","","","","","","","","","","","","0.3811","0.3811","0.3811","0.2625","0.2625","0.2625","0.4271","0.4271","0.4271","0.4753","0.4753","0.4753"
"158","0.4136","0.4136","0.4136","0.5006","0.5006","0.5006","","","","","","","","","","","","","","","","","","","","","","","","","","","","","","","","","","","","","0.3846","0.3846","0.3846","0.2626","0.2626","0.2626","0.4416","0.4416","0.4416","0.482","0.482","0.482"
"159","0.4131","0.4131","0.4131","0.5043","0.5043","0.5043","","","","","","","","","","","","","","","","","","","","","","","","","","","","","","","","","","","","","0.3817","0.3817","0.3817","0.2634","0.2634","0.2634","0.4649","0.4649","0.4649","0.478","0.478","0.478"
"160","0.413","0.413","0.413","0.5018","0.5018","0.5018","","","","","","","","","","","","","","","","","","","","","","","","","","","","","","","","","","","","","0.3828","0.3828","0.3828","0.2637","0.2637","0.2637","0.447","0.447","0.447","0.4638","0.4638","0.4638"
"161","0.4151","0.4151","0.4151","0.5043","0.5043","0.5043","","","","","","","","","","","","","","","","","","","","","","","","","","","","","","","","","","","","","0.3873","0.3873","0.3873","0.2634","0.2634","0.2634","0.4287","0.4287","0.4287","0.4786","0.4786","0.4786"
"162","0.4176","0.4176","0.4176","0.5036","0.5036","0.5036","","","","","","","","","","","","","","","","","","","","","","","","","","","","","","","","","","","","","0.3792","0.3792","0.3792","0.2644","0.2644","0.2644","0.4512","0.4512","0.4512","0.439","0.439","0.439"
"163","0.4152","0.4152","0.4152","0.5049","0.5049","0.5049","","","","","","","","","","","","","","","","","","","","","","","","","","","","","","","","","","","","","0.3862","0.3862","0.3862","0.2652","0.2652","0.2652","0.4545","0.4545","0.4545","0.4791","0.4791","0.4791"
"164","0.4177","0.4177","0.4177","0.5026","0.5026","0.5026","","","","","","","","","","","","","","","","","","","","","","","","","","","","","","","","","","","","","0.382","0.382","0.382","0.266","0.266","0.266","0.4516","0.4516","0.4516","0.4513","0.4513","0.4513"
"165","0.4152","0.4152","0.4152","0.5082","0.5082","0.5082","","","","","","","","","","","","","","","","","","","","","","","","","","","","","","","","","","","","","0.3775","0.3775","0.3775","0.2661","0.2661","0.2661","0.4578","0.4578","0.4578","0.4703","0.4703","0.4703"
"166","0.4181","0.4181","0.4181","0.5045","0.5045","0.5045","","","","","","","","","","","","","","","","","","","","","","","","","","","","","","","","","","","","","0.374","0.374","0.374","0.2672","0.2672","0.2672","0.4599","0.4599","0.4599","0.4524","0.4524","0.4524"
"167","0.4197","0.4197","0.4197","0.5071","0.5071","0.5071","","","","","","","","","","","","","","","","","","","","","","","","","","","","","","","","","","","","","0.3812","0.3812","0.3812","0.2684","0.2684","0.2684","0.4632","0.4632","0.4632","0.4604","0.4604","0.4604"
"168","0.4194","0.4194","0.4194","0.5058","0.5058","0.5058","","","","","","","","","","","","","","","","","","","","","","","","","","","","","","","","","","","","","0.3849","0.3849","0.3849","0.2682","0.2682","0.2682","0.4272","0.4272","0.4272","0.437","0.437","0.437"
"169","0.4185","0.4185","0.4185","0.5088","0.5088","0.5088","","","","","","","","","","","","","","","","","","","","","","","","","","","","","","","","","","","","","0.3796","0.3796","0.3796","0.2669","0.2669","0.2669","0.4633","0.4633","0.4633","0.4478","0.4478","0.4478"
"170","0.4218","0.4218","0.4218","0.5106","0.5106","0.5106","","","","","","","","","","","","","","","","","","","","","","","","","","","","","","","","","","","","","0.3879","0.3879","0.3879","0.2682","0.2682","0.2682","0.4392","0.4392","0.4392","0.4756","0.4756","0.4756"
"171","0.4221","0.4221","0.4221","0.5081","0.5081","0.5081","","","","","","","","","","","","","","","","","","","","","","","","","","","","","","","","","","","","","0.383","0.383","0.383","0.2692","0.2692","0.2692","0.4617","0.4617","0.4617","0.4634","0.4634","0.4634"
"172","0.4221","0.4221","0.4221","0.5097","0.5097","0.5097","","","","","","","","","","","","","","","","","","","","","","","","","","","","","","","","","","","","","0.3879","0.3879","0.3879","0.2691","0.2691","0.2691","0.452","0.452","0.452","0.4754","0.4754","0.4754"
"173","0.4249","0.4249","0.4249","0.5098","0.5098","0.5098","","","","","","","","","","","","","","","","","","","","","","","","","","","","","","","","","","","","","0.3762","0.3762","0.3762","0.2693","0.2693","0.2693","0.4423","0.4423","0.4423","0.4644","0.4644","0.4644"
"174","0.4203","0.4203","0.4203","0.5115","0.5115","0.5115","","","","","","","","","","","","","","","","","","","","","","","","","","","","","","","","","","","","","0.3823","0.3823","0.3823","0.2687","0.2687","0.2687","0.4333","0.4333","0.4333","0.4702","0.4702","0.4702"
"175","0.4248","0.4248","0.4248","0.5133","0.5133","0.5133","","","","","","","","","","","","","","","","","","","","","","","","","","","","","","","","","","","","","0.3838","0.3838","0.3838","0.2709","0.2709","0.2709","0.4598","0.4598","0.4598","0.4824","0.4824","0.4824"
"176","0.426","0.426","0.426","0.5136","0.5136","0.5136","","","","","","","","","","","","","","","","","","","","","","","","","","","","","","","","","","","","","0.3849","0.3849","0.3849","0.2722","0.2722","0.2722","0.438","0.438","0.438","0.4764","0.4764","0.4764"
"177","0.4257","0.4257","0.4257","0.5091","0.5091","0.5091","","","","","","","","","","","","","","","","","","","","","","","","","","","","","","","","","","","","","0.3843","0.3843","0.3843","0.2722","0.2722","0.2722","0.4635","0.4635","0.4635","0.482","0.482","0.482"
"178","0.4247","0.4247","0.4247","0.509","0.509","0.509","","","","","","","","","","","","","","","","","","","","","","","","","","","","","","","","","","","","","0.3828","0.3828","0.3828","0.2706","0.2706","0.2706","0.4624","0.4624","0.4624","0.4684","0.4684","0.4684"
"179","0.4238","0.4238","0.4238","0.5137","0.5137","0.5137","","","","","","","","","","","","","","","","","","","","","","","","","","","","","","","","","","","","","0.3846","0.3846","0.3846","0.2719","0.2719","0.2719","0.4549","0.4549","0.4549","0.4717","0.4717","0.4717"
"180","0.4261","0.4261","0.4261","0.51","0.51","0.51","","","","","","","","","","","","","","","","","","","","","","","","","","","","","","","","","","","","","0.3877","0.3877","0.3877","0.2719","0.2719","0.2719","0.4317","0.4317","0.4317","0.4737","0.4737","0.4737"
"181","0.4237","0.4237","0.4237","0.5132","0.5132","0.5132","","","","","","","","","","","","","","","","","","","","","","","","","","","","","","","","","","","","","0.3743","0.3743","0.3743","0.2728","0.2728","0.2728","0.4553","0.4553","0.4553","0.4741","0.4741","0.4741"
"182","0.425","0.425","0.425","0.5164","0.5164","0.5164","","","","","","","","","","","","","","","","","","","","","","","","","","","","","","","","","","","","","0.382","0.382","0.382","0.2731","0.2731","0.2731","0.4695","0.4695","0.4695","0.4808","0.4808","0.4808"
"183","0.4267","0.4267","0.4267","0.517","0.517","0.517","","","","","","","","","","","","","","","","","","","","","","","","","","","","","","","","","","","","","0.3808","0.3808","0.3808","0.2742","0.2742","0.2742","0.4649","0.4649","0.4649","0.4522","0.4522","0.4522"
"184","0.4264","0.4264","0.4264","0.5154","0.5154","0.5154","","","","","","","","","","","","","","","","","","","","","","","","","","","","","","","","","","","","","0.3817","0.3817","0.3817","0.2739","0.2739","0.2739","0.4599","0.4599","0.4599","0.4725","0.4725","0.4725"
"185","0.4271","0.4271","0.4271","0.5155","0.5155","0.5155","","","","","","","","","","","","","","","","","","","","","","","","","","","","","","","","","","","","","0.3825","0.3825","0.3825","0.2744","0.2744","0.2744","0.456","0.456","0.456","0.4743","0.4743","0.4743"
"186","0.4281","0.4281","0.4281","0.5179","0.5179","0.5179","","","","","","","","","","","","","","","","","","","","","","","","","","","","","","","","","","","","","0.3786","0.3786","0.3786","0.2753","0.2753","0.2753","0.4486","0.4486","0.4486","0.4783","0.4783","0.4783"
"187","0.4296","0.4296","0.4296","0.5142","0.5142","0.5142","","","","","","","","","","","","","","","","","","","","","","","","","","","","","","","","","","","","","0.3881","0.3881","0.3881","0.275","0.275","0.275","0.4641","0.4641","0.4641","0.4837","0.4837","0.4837"
"188","0.429","0.429","0.429","0.5157","0.5157","0.5157","","","","","","","","","","","","","","","","","","","","","","","","","","","","","","","","","","","","","0.3733","0.3733","0.3733","0.2757","0.2757","0.2757","0.4552","0.4552","0.4552","0.4669","0.4669","0.4669"
"189","0.4268","0.4268","0.4268","0.5119","0.5119","0.5119","","","","","","","","","","","","","","","","","","","","","","","","","","","","","","","","","","","","","0.3816","0.3816","0.3816","0.2767","0.2767","0.2767","0.4682","0.4682","0.4682","0.4695","0.4695","0.4695"
"190","0.4288","0.4288","0.4288","0.512","0.512","0.512","","","","","","","","","","","","","","","","","","","","","","","","","","","","","","","","","","","","","0.3855","0.3855","0.3855","0.2765","0.2765","0.2765","0.4474","0.4474","0.4474","0.4726","0.4726","0.4726"
"191","0.4298","0.4298","0.4298","0.5199","0.5199","0.5199","","","","","","","","","","","","","","","","","","","","","","","","","","","","","","","","","","","","","0.3798","0.3798","0.3798","0.2753","0.2753","0.2753","0.4765","0.4765","0.4765","0.4702","0.4702","0.4702"
"192","0.4299","0.4299","0.4299","0.5124","0.5124","0.5124","","","","","","","","","","","","","","","","","","","","","","","","","","","","","","","","","","","","","0.3763","0.3763","0.3763","0.2775","0.2775","0.2775","0.4586","0.4586","0.4586","0.4676","0.4676","0.4676"
"193","0.432","0.432","0.432","0.5205","0.5205","0.5205","","","","","","","","","","","","","","","","","","","","","","","","","","","","","","","","","","","","","0.3864","0.3864","0.3864","0.2771","0.2771","0.2771","0.4705","0.4705","0.4705","0.4589","0.4589","0.4589"
"194","0.4305","0.4305","0.4305","0.5208","0.5208","0.5208","","","","","","","","","","","","","","","","","","","","","","","","","","","","","","","","","","","","","0.3742","0.3742","0.3742","0.277","0.277","0.277","0.4704","0.4704","0.4704","0.4744","0.4744","0.4744"
"195","0.4321","0.4321","0.4321","0.5196","0.5196","0.5196","","","","","","","","","","","","","","","","","","","","","","","","","","","","","","","","","","","","","0.383","0.383","0.383","0.2784","0.2784","0.2784","0.4675","0.4675","0.4675","0.4657","0.4657","0.4657"
"196","0.4301","0.4301","0.4301","0.5179","0.5179","0.5179","","","","","","","","","","","","","","","","","","","","","","","","","","","","","","","","","","","","","0.3788","0.3788","0.3788","0.2789","0.2789","0.2789","0.4626","0.4626","0.4626","0.4523","0.4523","0.4523"
"197","0.4323","0.4323","0.4323","0.5167","0.5167","0.5167","","","","","","","","","","","","","","","","","","","","","","","","","","","","","","","","","","","","","0.3827","0.3827","0.3827","0.2788","0.2788","0.2788","0.4572","0.4572","0.4572","0.4589","0.4589","0.4589"
"198","0.4346","0.4346","0.4346","0.5172","0.5172","0.5172","","","","","","","","","","","","","","","","","","","","","","","","","","","","","","","","","","","","","0.3789","0.3789","0.3789","0.2789","0.2789","0.2789","0.4427","0.4427","0.4427","0.4573","0.4573","0.4573"
"199","0.4336","0.4336","0.4336","0.5137","0.5137","0.5137","","","","","","","","","","","","","","","","","","","","","","","","","","","","","","","","","","","","","0.3795","0.3795","0.3795","0.2802","0.2802","0.2802","0.458","0.458","0.458","0.4497","0.4497","0.4497"
"200","","","","","","","","","","","","","","","","","","","","","","","","","","","","","","","","","","","","","","","","","","","","","","","","","0.4565","0.4565","0.4565","0.4584","0.4584","0.4584"